user_id,event_type,product_id,amount,date,time
U0211,wishlist_add,P015,1728.27,2023-06-03,12:38:00
U0208,login,P018,2185.84,2023-06-04,03:13:00
U0327,checkout,P006,2875.06,2023-06-06,08:16:00
U0063,wishlist_add,P010,986.77,2023-06-06,08:09:00
U0131,search,P026,2528.03,2023-06-02,00:29:00
U0032,profile_update,P008,597.66,2023-06-02,12:51:00
U0033,page_view,P004,2685.69,2023-06-04,20:55:00
U0317,profile_update,P024,1157.58,2023-06-04,15:52:00
U0007,wishlist_add,P014,695.42,2023-06-03,18:11:00
U0070,wishlist_add,P020,2910.47,2023-06-05,12:52:00
U0048,search,P024,2027.93,2023-06-02,16:28:00
U0170,wishlist_add,P015,2483.79,2023-06-01,17:47:00
U0269,login,P004,763.39,2023-06-05,05:24:00
U0251,page_view,P011,562.53,2023-06-06,14:23:00
U0312,page_view,P020,1491.28,2023-06-04,20:16:00
U0285,wishlist_add,P030,2906.11,2023-06-01,09:14:00
U0180,add_to_cart,P005,528.55,2023-06-04,06:32:00
U0120,page_view,P001,2426.87,2023-06-01,19:22:00
U0052,wishlist_add,P013,856.11,2023-06-05,16:32:00
U0190,checkout,P024,939.67,2023-06-03,00:09:00
U0317,add_to_cart,P006,933.2,2023-06-03,18:59:00
U0327,profile_update,P001,2809.18,2023-06-05,13:03:00
U0225,login,P011,991.76,2023-06-02,17:39:00
U0017,logout,P014,1474.75,2023-06-06,09:57:00
U0232,checkout,P025,1708.83,2023-06-01,10:04:00
U0271,page_view,P030,2856.44,2023-06-05,18:46:00
U0188,search,P011,2492.85,2023-06-05,13:08:00
U0013,profile_update,P024,2441.69,2023-06-06,16:24:00
U0015,login,P017,1211.64,2023-06-06,17:49:00
U0186,page_view,P012,1649.38,2023-06-05,14:03:00
U0313,add_to_cart,P001,921.94,2023-06-04,10:50:00
U0095,login,P019,575.4,2023-06-02,01:05:00
U0332,search,P019,747.18,2023-06-04,05:40:00
U0309,add_to_cart,P006,769.71,2023-06-01,23:07:00
U0221,profile_update,P021,2630.74,2023-06-04,18:38:00
U0110,login,P014,218.24,2023-06-06,00:38:00
U0186,login,P001,2792.22,2023-06-02,13:48:00
U0328,add_to_cart,P013,2858.78,2023-06-02,04:16:00
U0291,login,P005,1524.6,2023-06-06,13:37:00
U0240,search,P009,319.55,2023-06-02,07:19:00
U0328,page_view,P016,2961.58,2023-06-06,04:31:00
U0328,login,P025,1736.1,2023-06-02,08:36:00
U0050,wishlist_add,P015,2746.07,2023-06-05,00:31:00
U0091,wishlist_add,P019,2465.97,2023-06-06,05:08:00
U0079,search,P012,2706.02,2023-06-02,03:02:00
U0264,profile_update,P025,2531.88,2023-06-05,06:13:00
U0304,page_view,P012,1258.65,2023-06-03,22:03:00
U0354,checkout,P024,2226.0,2023-06-02,00:34:00
U0385,profile_update,P024,1207.48,2023-06-03,08:32:00
U0158,wishlist_add,P012,2188.04,2023-06-06,19:14:00
U0143,login,P024,2149.66,2023-06-04,13:00:00
U0282,wishlist_add,P023,192.97,2023-06-04,07:12:00
U0294,search,P015,2990.99,2023-06-06,12:40:00
U0087,login,P018,852.97,2023-06-06,18:18:00
U0244,checkout,P029,705.22,2023-06-04,07:07:00
U0335,add_to_cart,P017,1770.04,2023-06-04,16:48:00
U0274,profile_update,P029,1522.36,2023-06-01,11:37:00
U0207,search,P030,1453.52,2023-06-06,15:26:00
U0084,add_to_cart,P028,792.66,2023-06-02,17:59:00
U0094,wishlist_add,P010,1692.82,2023-06-05,22:52:00
U0109,search,P025,2267.92,2023-06-05,00:09:00
U0059,search,P017,1858.29,2023-06-04,19:20:00
U0208,wishlist_add,P015,661.75,2023-06-06,04:14:00
U0290,logout,P016,1383.57,2023-06-01,23:53:00
U0208,add_to_cart,P017,562.54,2023-06-04,16:19:00
U0307,page_view,P002,801.42,2023-06-03,13:54:00
U0235,add_to_cart,P008,1759.89,2023-06-03,03:39:00
U0318,logout,P001,2942.2,2023-06-03,10:23:00
U0019,login,P023,1542.82,2023-06-03,08:35:00
U0002,page_view,P010,859.28,2023-06-01,17:43:00
U0324,page_view,P011,672.47,2023-06-02,04:12:00
U0032,page_view,P010,1143.78,2023-06-06,15:36:00
U0239,profile_update,P027,1308.08,2023-06-05,00:41:00
U0078,search,P018,815.79,2023-06-05,20:13:00
U0163,page_view,P013,1477.68,2023-06-06,12:58:00
U0134,profile_update,P024,262.58,2023-06-03,07:13:00
U0224,profile_update,P012,571.85,2023-06-05,20:37:00
U0192,add_to_cart,P010,2433.51,2023-06-04,16:11:00
U0255,search,P018,1769.62,2023-06-02,01:54:00
U0017,search,P019,2333.77,2023-06-04,21:00:00
U0097,page_view,P024,2546.29,2023-06-01,20:57:00
U0391,logout,P014,2320.57,2023-06-04,19:24:00
U0300,page_view,P005,2162.53,2023-06-01,19:08:00
U0173,wishlist_add,P017,289.79,2023-06-02,20:59:00
U0301,profile_update,P010,609.84,2023-06-05,05:46:00
U0058,page_view,P013,502.91,2023-06-04,22:52:00
U0038,page_view,P020,899.79,2023-06-01,08:22:00
U0316,search,P020,1794.99,2023-06-06,13:24:00
U0273,add_to_cart,P028,639.27,2023-06-03,05:48:00
U0217,search,P017,1235.72,2023-06-06,02:29:00
U0093,page_view,P014,293.63,2023-06-02,07:29:00
U0173,search,P006,2885.37,2023-06-01,23:33:00
U0038,wishlist_add,P015,2630.61,2023-06-03,04:44:00
U0388,page_view,P024,1593.51,2023-06-05,07:02:00
U0262,login,P021,581.96,2023-06-02,17:54:00
U0037,search,P007,560.69,2023-06-04,21:20:00
U0158,logout,P015,574.2,2023-06-05,05:03:00
U0392,logout,P001,2253.07,2023-06-02,15:49:00
U0017,add_to_cart,P015,1364.06,2023-06-05,10:50:00
U0377,login,P009,1812.34,2023-06-04,19:29:00
U0082,profile_update,P016,1567.14,2023-06-05,20:57:00
U0119,login,P010,1172.38,2023-06-01,21:21:00
U0250,checkout,P001,2327.37,2023-06-02,17:46:00
U0086,checkout,P026,615.95,2023-06-05,23:13:00
U0068,login,P027,2416.71,2023-06-06,16:23:00
U0011,add_to_cart,P030,2176.33,2023-06-05,22:42:00
U0081,login,P027,1696.72,2023-06-03,23:27:00
U0133,logout,P028,1055.3,2023-06-05,05:45:00
U0184,profile_update,P017,1158.71,2023-06-04,06:48:00
U0340,login,P016,1524.34,2023-06-04,05:22:00
U0353,page_view,P008,1530.09,2023-06-05,05:31:00
U0046,logout,P013,1316.68,2023-06-03,20:07:00
U0242,wishlist_add,P027,2488.27,2023-06-05,06:13:00
U0153,login,P002,2788.94,2023-06-04,09:00:00
U0144,page_view,P025,2852.8,2023-06-04,09:45:00
U0324,page_view,P007,1502.13,2023-06-03,15:31:00
U0021,checkout,P013,1763.65,2023-06-02,07:05:00
U0233,logout,P024,1497.6,2023-06-05,01:58:00
U0215,checkout,P002,2811.96,2023-06-03,15:36:00
U0027,wishlist_add,P009,966.86,2023-06-05,05:31:00
U0191,checkout,P010,948.41,2023-06-04,02:52:00
U0156,checkout,P002,2560.3,2023-06-01,13:41:00
U0275,add_to_cart,P030,1887.99,2023-06-06,11:43:00
U0245,wishlist_add,P009,1662.6,2023-06-05,18:01:00
U0304,add_to_cart,P016,2878.34,2023-06-06,18:37:00
U0068,login,P006,615.26,2023-06-04,04:12:00
U0161,login,P014,1882.13,2023-06-03,04:36:00
U0131,page_view,P026,1415.83,2023-06-02,05:22:00
U0227,page_view,P003,2554.6,2023-06-02,06:17:00
U0370,wishlist_add,P026,330.13,2023-06-01,16:44:00
U0389,profile_update,P015,2401.07,2023-06-06,16:34:00
U0095,profile_update,P005,650.57,2023-06-03,21:09:00
U0111,page_view,P001,200.12,2023-06-06,01:21:00
U0136,logout,P018,1051.46,2023-06-02,14:59:00
U0230,page_view,P010,2276.48,2023-06-02,08:35:00
U0012,wishlist_add,P005,1934.35,2023-06-06,11:41:00
U0065,add_to_cart,P008,2632.22,2023-06-02,16:17:00
U0255,page_view,P026,309.67,2023-06-05,05:42:00
U0245,checkout,P009,2223.09,2023-06-04,14:16:00
U0390,login,P020,2021.21,2023-06-01,08:21:00
U0029,profile_update,P003,940.43,2023-06-02,13:05:00
U0001,wishlist_add,P028,960.51,2023-06-05,01:45:00
U0089,search,P026,327.12,2023-06-03,09:40:00
U0230,checkout,P015,1204.39,2023-06-04,01:25:00
U0262,login,P005,2516.73,2023-06-05,13:12:00
U0265,add_to_cart,P012,2530.51,2023-06-04,15:59:00
U0191,profile_update,P005,1417.06,2023-06-03,09:27:00
U0293,wishlist_add,P019,1781.13,2023-06-05,07:53:00
U0062,search,P022,1077.87,2023-06-05,21:06:00
U0045,wishlist_add,P014,1902.2,2023-06-04,00:08:00
U0120,add_to_cart,P007,1781.07,2023-06-06,18:27:00
U0242,profile_update,P022,256.78,2023-06-06,03:10:00
U0027,logout,P003,975.29,2023-06-03,12:04:00
U0329,profile_update,P028,1526.79,2023-06-04,08:06:00
U0146,login,P010,1136.96,2023-06-02,20:17:00
U0036,login,P026,595.49,2023-06-04,19:06:00
U0243,profile_update,P020,1202.3,2023-06-06,07:05:00
U0241,logout,P004,1014.26,2023-06-05,04:18:00
U0398,checkout,P017,1613.16,2023-06-05,01:14:00
U0377,add_to_cart,P027,1028.03,2023-06-06,17:11:00
U0346,login,P017,818.52,2023-06-04,11:29:00
U0010,login,P009,1391.61,2023-06-03,12:54:00
U0156,add_to_cart,P027,2267.56,2023-06-06,15:48:00
U0100,login,P028,2056.05,2023-06-06,02:04:00
U0122,profile_update,P027,2208.1,2023-06-05,08:35:00
U0146,login,P029,1589.38,2023-06-06,12:14:00
U0358,page_view,P012,2773.7,2023-06-03,16:20:00
U0126,add_to_cart,P001,2408.78,2023-06-06,13:26:00
U0374,add_to_cart,P014,1410.06,2023-06-04,01:16:00
U0024,logout,P011,850.03,2023-06-04,03:46:00
U0252,login,P016,2137.8,2023-06-03,19:23:00
U0332,wishlist_add,P006,1938.83,2023-06-06,15:39:00
U0147,search,P007,1275.7,2023-06-03,21:59:00
U0285,search,P021,724.18,2023-06-02,07:29:00
U0122,wishlist_add,P025,2356.49,2023-06-01,20:46:00
U0256,login,P013,2537.82,2023-06-02,01:41:00
U0159,profile_update,P027,1141.76,2023-06-05,10:10:00
U0150,wishlist_add,P010,2283.39,2023-06-03,05:19:00
U0328,logout,P012,2329.66,2023-06-01,14:56:00
U0262,page_view,P004,1787.47,2023-06-04,18:16:00
U0138,checkout,P010,330.57,2023-06-04,04:33:00
U0012,login,P020,2448.64,2023-06-01,12:21:00
U0161,profile_update,P002,2346.95,2023-06-03,22:00:00
U0356,search,P028,1199.35,2023-06-03,21:55:00
U0141,checkout,P010,1952.09,2023-06-05,11:32:00
U0350,wishlist_add,P019,777.24,2023-06-03,03:00:00
U0035,profile_update,P020,2085.12,2023-06-06,18:55:00
U0336,profile_update,P018,1389.04,2023-06-04,03:33:00
U0219,checkout,P011,808.5,2023-06-04,23:13:00
U0355,add_to_cart,P021,1704.58,2023-06-03,07:31:00
U0288,profile_update,P009,330.5,2023-06-06,05:11:00
U0271,wishlist_add,P026,2543.19,2023-06-03,15:46:00
U0082,search,P027,2922.77,2023-06-06,02:15:00
U0146,search,P023,2718.6,2023-06-02,22:16:00
U0230,add_to_cart,P021,166.11,2023-06-03,23:52:00
U0391,add_to_cart,P030,379.89,2023-06-02,08:07:00
U0307,wishlist_add,P013,1866.94,2023-06-05,14:10:00
U0161,logout,P026,2552.03,2023-06-05,05:27:00
U0203,checkout,P020,239.81,2023-06-06,15:23:00
U0337,profile_update,P013,1834.59,2023-06-01,23:30:00
U0336,login,P027,117.43,2023-06-02,16:42:00
U0038,search,P008,1533.73,2023-06-03,04:45:00
U0395,search,P026,2926.69,2023-06-05,05:49:00
U0315,login,P030,1812.95,2023-06-04,07:04:00
U0152,login,P022,839.22,2023-06-05,22:06:00
U0264,profile_update,P008,2821.74,2023-06-03,15:07:00
U0190,wishlist_add,P018,2199.55,2023-06-03,12:30:00
U0304,logout,P020,1052.48,2023-06-02,04:11:00
U0084,search,P027,152.8,2023-06-02,07:51:00
U0190,checkout,P014,2246.64,2023-06-01,11:16:00
U0034,checkout,P008,1826.62,2023-06-02,13:58:00
U0353,add_to_cart,P016,2509.99,2023-06-02,08:31:00
U0224,wishlist_add,P017,1409.74,2023-06-05,16:32:00
U0222,logout,P007,1250.08,2023-06-01,16:16:00
U0107,logout,P011,1287.35,2023-06-01,20:17:00
U0245,logout,P030,164.57,2023-06-05,02:53:00
U0160,login,P018,2277.67,2023-06-04,17:04:00
U0051,login,P009,1120.55,2023-06-05,16:06:00
U0216,wishlist_add,P018,430.27,2023-06-03,12:32:00
U0228,logout,P008,339.09,2023-06-06,17:19:00
U0112,logout,P007,1879.28,2023-06-03,09:45:00
U0006,checkout,P002,2643.34,2023-06-04,05:23:00
U0217,wishlist_add,P001,1637.76,2023-06-04,01:47:00
U0386,profile_update,P029,2051.84,2023-06-04,01:30:00
U0048,wishlist_add,P027,747.59,2023-06-02,09:24:00
U0080,wishlist_add,P020,1357.65,2023-06-01,18:33:00
U0287,profile_update,P028,1984.38,2023-06-05,21:36:00
U0399,checkout,P003,2540.19,2023-06-05,06:59:00
U0181,checkout,P020,352.05,2023-06-06,10:20:00
U0257,login,P020,2966.99,2023-06-03,03:30:00
U0233,page_view,P023,2548.34,2023-06-06,19:03:00
U0144,page_view,P004,110.74,2023-06-05,23:29:00
U0089,profile_update,P009,1252.73,2023-06-03,05:56:00
U0200,wishlist_add,P013,2481.42,2023-06-05,00:44:00
U0079,page_view,P004,980.23,2023-06-06,11:30:00
U0210,login,P006,1606.73,2023-06-03,22:06:00
U0226,profile_update,P025,1532.29,2023-06-04,01:04:00
U0379,login,P024,909.43,2023-06-04,05:33:00
U0015,search,P027,1669.03,2023-06-02,13:44:00
U0088,add_to_cart,P015,2923.74,2023-06-01,15:06:00
U0119,logout,P027,578.87,2023-06-03,16:46:00
U0024,wishlist_add,P005,2398.41,2023-06-05,17:47:00
U0113,wishlist_add,P002,1059.78,2023-06-02,23:42:00
U0330,profile_update,P018,814.85,2023-06-02,23:06:00
U0069,wishlist_add,P026,2094.06,2023-06-02,14:59:00
U0210,wishlist_add,P017,2082.56,2023-06-02,21:21:00
U0329,checkout,P008,1279.39,2023-06-03,14:53:00
U0243,profile_update,P008,2771.24,2023-06-06,05:05:00
U0157,page_view,P024,1235.21,2023-06-02,08:59:00
U0348,search,P010,2394.8,2023-06-01,21:35:00
U0170,logout,P027,1916.18,2023-06-02,15:13:00
U0309,search,P014,1170.48,2023-06-01,20:00:00
U0304,add_to_cart,P011,299.68,2023-06-04,15:58:00
U0277,wishlist_add,P004,2488.91,2023-06-04,20:50:00
U0137,checkout,P003,588.95,2023-06-02,12:44:00
U0054,logout,P021,2895.72,2023-06-05,21:57:00
U0357,login,P022,926.24,2023-06-06,02:21:00
U0082,logout,P025,106.78,2023-06-06,18:47:00
U0275,wishlist_add,P018,2666.13,2023-06-03,14:10:00
U0286,add_to_cart,P013,2409.06,2023-06-01,18:45:00
U0018,add_to_cart,P025,459.27,2023-06-01,22:38:00
U0355,page_view,P019,524.55,2023-06-05,03:35:00
U0231,add_to_cart,P029,1873.78,2023-06-03,17:49:00
U0363,login,P007,1078.25,2023-06-06,09:17:00
U0320,profile_update,P028,1444.58,2023-06-04,11:37:00
U0268,profile_update,P013,1769.27,2023-06-06,17:13:00
U0232,checkout,P012,867.43,2023-06-06,04:15:00
U0134,profile_update,P016,2453.97,2023-06-04,02:54:00
U0153,checkout,P024,2731.71,2023-06-02,23:19:00
U0250,search,P012,779.46,2023-06-04,08:30:00
U0030,page_view,P003,230.1,2023-06-06,09:21:00
U0041,add_to_cart,P030,1265.32,2023-06-02,22:24:00
U0051,profile_update,P024,1086.06,2023-06-06,02:51:00
U0240,profile_update,P017,653.28,2023-06-02,02:06:00
U0396,profile_update,P002,1820.64,2023-06-02,12:59:00
U0057,wishlist_add,P019,227.1,2023-06-04,20:57:00
U0189,checkout,P003,772.44,2023-06-06,14:36:00
U0248,checkout,P004,2808.33,2023-06-06,14:33:00
U0212,add_to_cart,P028,2994.64,2023-06-01,14:56:00
U0212,search,P026,1698.57,2023-06-03,16:01:00
U0386,wishlist_add,P015,188.75,2023-06-03,19:34:00
U0302,wishlist_add,P030,1404.35,2023-06-03,09:24:00
U0103,page_view,P001,2050.83,2023-06-06,02:39:00
U0016,page_view,P020,116.55,2023-06-04,18:20:00
U0341,logout,P022,2130.22,2023-06-06,11:49:00
U0333,logout,P013,1577.72,2023-06-01,21:00:00
U0253,checkout,P025,2271.79,2023-06-06,19:33:00
U0300,search,P012,1979.5,2023-06-02,01:50:00
U0061,logout,P001,510.05,2023-06-01,12:20:00
U0320,login,P016,1011.97,2023-06-04,03:14:00
U0114,logout,P001,2966.75,2023-06-03,00:37:00
U0144,checkout,P019,1859.75,2023-06-04,05:41:00
U0374,profile_update,P017,322.97,2023-06-02,15:49:00
U0291,add_to_cart,P016,865.82,2023-06-04,00:12:00
U0268,search,P005,2546.22,2023-06-02,19:55:00
U0249,search,P001,2958.4,2023-06-02,19:09:00
U0322,checkout,P007,2509.06,2023-06-05,10:09:00
U0338,checkout,P021,1685.89,2023-06-01,14:29:00
U0276,logout,P015,294.85,2023-06-04,16:03:00
U0277,search,P015,1153.69,2023-06-03,11:35:00
U0075,login,P015,1575.07,2023-06-06,14:40:00
U0217,search,P026,621.83,2023-06-05,11:24:00
U0074,profile_update,P020,2123.81,2023-06-01,09:21:00
U0025,logout,P005,363.1,2023-06-03,11:22:00
U0356,profile_update,P018,553.47,2023-06-03,17:34:00
U0036,page_view,P018,2628.52,2023-06-04,20:16:00
U0034,wishlist_add,P020,2584.23,2023-06-04,10:28:00
U0103,wishlist_add,P001,1761.35,2023-06-03,22:30:00
U0232,add_to_cart,P005,2324.55,2023-06-02,14:24:00
U0207,wishlist_add,P019,1727.16,2023-06-02,19:09:00
U0389,checkout,P025,348.03,2023-06-03,06:10:00
U0148,add_to_cart,P027,2737.7,2023-06-02,11:06:00
U0322,checkout,P020,1446.76,2023-06-06,17:55:00
U0110,logout,P014,2536.56,2023-06-03,20:00:00
U0087,page_view,P022,1753.13,2023-06-02,06:47:00
U0063,login,P008,1277.44,2023-06-06,19:06:00
U0278,page_view,P024,1753.74,2023-06-06,11:13:00
U0260,checkout,P012,2006.3,2023-06-06,11:00:00
U0198,page_view,P016,1649.45,2023-06-02,19:18:00
U0013,wishlist_add,P027,1376.45,2023-06-04,04:58:00
U0024,logout,P023,643.39,2023-06-03,05:30:00
U0286,wishlist_add,P007,2091.89,2023-06-06,08:00:00
U0389,add_to_cart,P003,2735.86,2023-06-04,16:48:00
U0145,profile_update,P011,928.17,2023-06-05,16:15:00
U0195,login,P027,1723.5,2023-06-05,11:32:00
U0154,checkout,P001,632.71,2023-06-03,10:12:00
U0032,page_view,P014,1507.5,2023-06-06,00:18:00
U0058,checkout,P027,1105.04,2023-06-03,23:34:00
U0203,add_to_cart,P027,2951.47,2023-06-05,22:12:00
U0011,wishlist_add,P028,1195.31,2023-06-05,20:12:00
U0167,search,P023,2975.83,2023-06-05,17:55:00
U0213,wishlist_add,P006,2353.18,2023-06-02,22:21:00
U0266,wishlist_add,P029,2377.93,2023-06-05,10:17:00
U0276,add_to_cart,P024,1271.55,2023-06-06,18:24:00
U0187,page_view,P021,2704.26,2023-06-05,12:36:00
U0340,wishlist_add,P009,979.94,2023-06-05,19:28:00
U0202,login,P003,669.72,2023-06-03,22:46:00
U0157,checkout,P002,1388.02,2023-06-05,03:37:00
U0152,login,P009,683.5,2023-06-02,17:46:00
U0042,page_view,P002,1976.65,2023-06-02,05:39:00
U0088,page_view,P003,2193.55,2023-06-05,20:24:00
U0014,checkout,P012,899.1,2023-06-06,00:19:00
U0342,logout,P029,1147.55,2023-06-05,21:53:00
U0203,wishlist_add,P027,1947.61,2023-06-04,00:56:00
U0210,page_view,P016,1079.08,2023-06-06,02:07:00
U0378,search,P018,1094.66,2023-06-03,11:13:00
U0047,wishlist_add,P026,1991.05,2023-06-02,19:30:00
U0384,profile_update,P002,2788.83,2023-06-06,00:31:00
U0176,add_to_cart,P029,2829.72,2023-06-05,16:48:00
U0395,profile_update,P024,2364.53,2023-06-02,08:13:00
U0318,page_view,P002,554.93,2023-06-05,04:23:00
U0077,logout,P005,2983.48,2023-06-01,22:13:00
U0280,wishlist_add,P006,2532.86,2023-06-06,11:54:00
U0014,page_view,P008,662.85,2023-06-05,01:52:00
U0124,checkout,P014,2809.84,2023-06-06,05:55:00
U0040,profile_update,P016,2206.66,2023-06-06,12:18:00
U0105,search,P017,1177.06,2023-06-04,17:36:00
U0249,profile_update,P014,1302.89,2023-06-03,05:40:00
U0262,search,P024,2557.14,2023-06-01,18:47:00
U0101,wishlist_add,P030,616.67,2023-06-03,05:43:00
U0372,checkout,P019,1139.19,2023-06-06,07:18:00
U0021,add_to_cart,P025,2839.55,2023-06-03,10:17:00
U0235,search,P016,1702.74,2023-06-03,22:39:00
U0289,search,P005,1669.01,2023-06-03,22:36:00
U0307,login,P001,939.81,2023-06-02,09:35:00
U0150,search,P008,470.66,2023-06-02,03:29:00
U0209,search,P030,1724.93,2023-06-06,13:11:00
U0323,logout,P001,625.98,2023-06-01,08:04:00
U0313,profile_update,P023,304.46,2023-06-03,22:35:00
U0187,profile_update,P016,1234.88,2023-06-01,11:54:00
U0117,login,P020,267.13,2023-06-05,08:10:00
U0017,profile_update,P012,1865.75,2023-06-03,05:08:00
U0010,search,P002,1254.54,2023-06-06,13:00:00
U0163,profile_update,P012,1365.47,2023-06-02,02:48:00
U0145,login,P027,932.5,2023-06-06,01:53:00
U0012,profile_update,P029,2764.26,2023-06-02,06:35:00
U0015,wishlist_add,P004,2030.24,2023-06-03,08:52:00
U0238,add_to_cart,P016,2647.73,2023-06-01,14:15:00
U0346,login,P006,1876.33,2023-06-06,08:03:00
U0098,checkout,P017,2561.65,2023-06-02,03:54:00
U0123,page_view,P027,312.86,2023-06-03,06:37:00
U0307,profile_update,P015,1664.01,2023-06-05,04:35:00
U0153,logout,P027,1727.66,2023-06-04,12:18:00
U0255,page_view,P002,1834.87,2023-06-01,17:48:00
U0039,logout,P029,1543.55,2023-06-05,19:47:00
U0019,profile_update,P029,366.25,2023-06-04,21:00:00
U0085,login,P007,609.96,2023-06-01,23:36:00
U0308,checkout,P009,2631.23,2023-06-02,05:03:00
U0400,logout,P027,895.25,2023-06-01,16:43:00
U0113,add_to_cart,P022,1614.1,2023-06-06,06:33:00
U0291,search,P011,2793.34,2023-06-03,15:58:00
U0331,add_to_cart,P017,1096.12,2023-06-04,05:07:00
U0230,login,P008,675.92,2023-06-04,06:47:00
U0292,profile_update,P028,879.06,2023-06-04,05:30:00
U0280,add_to_cart,P001,917.03,2023-06-02,18:56:00
U0250,wishlist_add,P024,2483.6,2023-06-04,00:24:00
U0357,wishlist_add,P004,945.92,2023-06-06,12:26:00
U0269,login,P013,2561.86,2023-06-04,00:36:00
U0339,add_to_cart,P006,147.36,2023-06-04,07:39:00
U0216,logout,P017,2994.01,2023-06-02,09:11:00
U0080,login,P027,1642.91,2023-06-04,16:50:00
U0388,add_to_cart,P006,1772.55,2023-06-05,11:07:00
U0384,logout,P011,1408.49,2023-06-01,14:23:00
U0282,checkout,P022,656.72,2023-06-03,16:51:00
U0246,profile_update,P003,1044.73,2023-06-05,12:06:00
U0199,page_view,P014,1513.39,2023-06-06,16:47:00
U0269,page_view,P024,1984.41,2023-06-02,13:44:00
U0396,add_to_cart,P015,1051.67,2023-06-02,03:42:00
U0045,login,P010,2850.12,2023-06-02,10:50:00
U0324,login,P028,992.72,2023-06-01,17:50:00
U0046,checkout,P019,2773.79,2023-06-03,07:55:00
U0320,page_view,P007,2722.57,2023-06-02,22:44:00
U0227,page_view,P006,1702.09,2023-06-04,07:10:00
U0307,wishlist_add,P012,2804.69,2023-06-02,22:46:00
U0336,profile_update,P023,1791.87,2023-06-05,04:11:00
U0116,add_to_cart,P009,2677.38,2023-06-02,13:27:00
U0294,login,P014,2690.08,2023-06-05,12:01:00
U0033,search,P030,2266.77,2023-06-05,06:41:00
U0206,login,P015,2772.4,2023-06-03,01:54:00
U0012,search,P027,2089.6,2023-06-05,19:14:00
U0101,search,P010,1664.42,2023-06-03,17:19:00
U0096,logout,P025,2326.66,2023-06-04,11:08:00
U0392,page_view,P018,1555.41,2023-06-01,16:28:00
U0385,page_view,P025,2763.18,2023-06-04,15:55:00
U0383,checkout,P014,238.02,2023-06-01,17:12:00
U0165,checkout,P028,125.36,2023-06-06,17:46:00
U0297,wishlist_add,P008,2533.16,2023-06-04,10:26:00
U0248,logout,P014,1498.7,2023-06-06,16:16:00
U0192,profile_update,P018,2545.69,2023-06-02,13:45:00
U0008,logout,P007,651.23,2023-06-06,17:27:00
U0161,login,P007,2716.87,2023-06-05,19:51:00
U0308,login,P006,527.89,2023-06-05,13:15:00
U0350,logout,P027,558.75,2023-06-06,14:29:00
U0081,search,P015,488.78,2023-06-04,09:06:00
U0203,logout,P023,1460.25,2023-06-04,10:28:00
U0036,add_to_cart,P010,2294.73,2023-06-02,13:56:00
U0019,checkout,P022,2149.41,2023-06-04,11:40:00
U0099,page_view,P001,1546.27,2023-06-06,18:16:00
U0075,add_to_cart,P020,885.17,2023-06-02,00:20:00
U0012,checkout,P017,2935.34,2023-06-04,21:51:00
U0335,login,P030,2720.23,2023-06-04,08:00:00
U0382,logout,P019,731.97,2023-06-05,10:15:00
U0064,profile_update,P025,2530.29,2023-06-02,02:59:00
U0007,page_view,P011,1591.4,2023-06-02,14:06:00
U0182,search,P026,318.63,2023-06-06,10:19:00
U0385,page_view,P010,471.44,2023-06-05,06:38:00
U0143,wishlist_add,P028,2592.39,2023-06-05,15:08:00
U0036,wishlist_add,P008,1920.37,2023-06-03,05:50:00
U0132,page_view,P009,1879.49,2023-06-04,18:04:00
U0124,search,P007,2374.79,2023-06-02,19:39:00
U0273,add_to_cart,P021,2111.26,2023-06-01,23:14:00
U0018,checkout,P007,1204.46,2023-06-04,20:58:00
U0029,checkout,P011,1766.85,2023-06-02,14:08:00
U0099,checkout,P011,1269.79,2023-06-01,12:38:00
U0155,page_view,P018,2352.99,2023-06-05,02:22:00
U0055,checkout,P011,349.99,2023-06-05,12:24:00
U0388,profile_update,P012,2179.23,2023-06-01,10:37:00
U0313,profile_update,P022,1288.79,2023-06-03,09:29:00
U0382,checkout,P015,2928.35,2023-06-04,16:38:00
U0123,profile_update,P013,1661.57,2023-06-04,01:08:00
U0359,wishlist_add,P018,1593.37,2023-06-02,12:27:00
U0129,profile_update,P009,2164.56,2023-06-01,12:18:00
U0293,profile_update,P013,836.74,2023-06-03,21:26:00
U0041,add_to_cart,P006,1224.35,2023-06-05,11:34:00
U0059,wishlist_add,P027,1233.09,2023-06-04,04:33:00
U0256,add_to_cart,P025,2589.5,2023-06-05,09:04:00
U0178,add_to_cart,P014,2160.46,2023-06-02,06:02:00
U0342,checkout,P013,2196.49,2023-06-03,19:44:00
U0065,wishlist_add,P028,298.22,2023-06-05,00:11:00
U0198,profile_update,P006,1175.8,2023-06-02,06:05:00
U0160,wishlist_add,P006,2471.81,2023-06-02,09:55:00
U0023,logout,P012,1429.68,2023-06-06,08:50:00
U0201,search,P002,1709.63,2023-06-02,17:29:00
U0104,page_view,P008,1429.51,2023-06-04,15:28:00
U0115,add_to_cart,P005,2361.07,2023-06-05,04:21:00
U0078,add_to_cart,P011,2743.28,2023-06-03,17:13:00
U0268,search,P011,1740.79,2023-06-05,16:34:00
U0152,page_view,P027,1227.04,2023-06-03,00:23:00
U0365,wishlist_add,P019,1732.38,2023-06-02,10:14:00
U0050,login,P011,220.81,2023-06-01,13:47:00
U0067,search,P026,172.4,2023-06-01,18:43:00
U0141,logout,P015,2928.49,2023-06-06,04:28:00
U0053,logout,P010,176.3,2023-06-05,23:29:00
U0366,logout,P005,654.16,2023-06-04,07:36:00
U0122,add_to_cart,P024,1507.99,2023-06-05,18:05:00
U0185,login,P019,1061.97,2023-06-01,16:00:00
U0302,login,P013,918.24,2023-06-03,19:33:00
U0279,page_view,P026,529.28,2023-06-02,00:31:00
U0395,login,P030,918.25,2023-06-02,00:41:00
U0148,login,P015,2637.74,2023-06-02,13:46:00
U0156,wishlist_add,P024,1978.14,2023-06-04,17:14:00
U0368,add_to_cart,P001,2237.22,2023-06-06,12:25:00
U0319,add_to_cart,P010,1075.83,2023-06-05,00:52:00
U0188,login,P030,1857.76,2023-06-02,04:41:00
U0023,add_to_cart,P030,1900.62,2023-06-04,08:03:00
U0078,checkout,P025,594.83,2023-06-04,21:31:00
U0312,login,P017,556.1,2023-06-02,01:08:00
U0154,wishlist_add,P020,1441.72,2023-06-02,06:13:00
U0024,search,P008,2856.8,2023-06-02,11:00:00
U0138,profile_update,P014,2947.68,2023-06-01,17:16:00
U0189,wishlist_add,P030,501.66,2023-06-02,00:13:00
U0198,page_view,P001,2257.33,2023-06-03,00:22:00
U0126,checkout,P011,188.77,2023-06-04,03:53:00
U0080,search,P013,2627.84,2023-06-02,22:25:00
U0238,profile_update,P028,2287.7,2023-06-04,06:42:00
U0133,checkout,P024,1913.72,2023-06-03,05:07:00
U0243,login,P012,1519.71,2023-06-05,06:19:00
U0161,profile_update,P001,605.13,2023-06-06,15:05:00
U0304,profile_update,P012,289.43,2023-06-05,01:00:00
U0132,checkout,P016,2025.29,2023-06-03,21:28:00
U0008,logout,P021,640.92,2023-06-04,15:45:00
U0346,login,P019,1731.68,2023-06-06,02:08:00
U0373,search,P028,1823.95,2023-06-02,10:38:00
U0224,profile_update,P017,1540.9,2023-06-05,02:11:00
U0104,logout,P008,474.5,2023-06-06,19:36:00
U0128,page_view,P014,1670.62,2023-06-05,02:22:00
U0278,search,P021,1011.1,2023-06-04,20:04:00
U0081,wishlist_add,P026,398.75,2023-06-03,02:51:00
U0232,logout,P013,2743.59,2023-06-01,19:22:00
U0132,wishlist_add,P013,1820.4,2023-06-02,03:24:00
U0098,add_to_cart,P027,223.63,2023-06-04,02:50:00
U0317,logout,P019,876.79,2023-06-03,02:39:00
U0092,wishlist_add,P027,2411.61,2023-06-05,23:56:00
U0275,logout,P014,1347.97,2023-06-04,06:04:00
U0281,logout,P001,1003.65,2023-06-05,13:02:00
U0030,logout,P022,906.44,2023-06-06,19:34:00
U0114,profile_update,P005,2196.32,2023-06-03,21:35:00
U0194,search,P007,2777.57,2023-06-01,20:54:00
U0305,wishlist_add,P006,368.42,2023-06-03,20:11:00
U0243,add_to_cart,P020,402.91,2023-06-06,08:54:00
U0315,checkout,P005,2021.23,2023-06-02,16:36:00
U0292,checkout,P017,1207.6,2023-06-03,04:38:00
U0195,page_view,P015,2185.6,2023-06-05,14:05:00
U0111,logout,P028,2054.28,2023-06-05,17:33:00
U0207,profile_update,P003,593.27,2023-06-05,04:57:00
U0215,wishlist_add,P015,1944.12,2023-06-04,09:25:00
U0207,add_to_cart,P010,1031.94,2023-06-06,05:33:00
U0392,logout,P022,2580.84,2023-06-05,22:30:00
U0068,login,P010,1247.75,2023-06-06,13:15:00
U0298,add_to_cart,P020,2928.89,2023-06-05,18:43:00
U0074,profile_update,P003,1470.82,2023-06-05,12:48:00
U0372,wishlist_add,P027,2427.35,2023-06-01,12:47:00
U0186,page_view,P023,1858.0,2023-06-03,17:04:00
U0076,profile_update,P021,1473.92,2023-06-06,13:05:00
U0222,login,P003,602.12,2023-06-03,05:59:00
U0243,profile_update,P006,2994.65,2023-06-06,11:08:00
U0038,search,P030,1080.93,2023-06-03,15:19:00
U0106,checkout,P004,748.52,2023-06-01,14:55:00
U0321,profile_update,P008,1212.53,2023-06-03,18:37:00
U0317,page_view,P018,1580.27,2023-06-02,08:08:00
U0376,add_to_cart,P019,2925.51,2023-06-04,15:48:00
U0216,search,P014,2993.67,2023-06-01,17:38:00
U0200,checkout,P021,2299.88,2023-06-01,20:14:00
U0355,search,P022,2222.99,2023-06-06,13:59:00
U0155,logout,P022,515.32,2023-06-03,14:19:00
U0152,search,P023,2346.28,2023-06-02,05:54:00
U0214,page_view,P010,1723.9,2023-06-05,12:57:00
U0308,checkout,P014,1737.31,2023-06-04,09:07:00
U0046,profile_update,P019,2390.05,2023-06-03,19:35:00
U0087,profile_update,P006,2911.01,2023-06-06,12:02:00
U0125,login,P011,493.32,2023-06-04,06:35:00
U0128,checkout,P024,876.93,2023-06-04,06:36:00
U0289,page_view,P017,2919.08,2023-06-05,19:57:00
U0040,login,P003,2217.16,2023-06-04,15:34:00
U0010,profile_update,P009,2812.23,2023-06-05,23:11:00
U0383,profile_update,P030,2912.04,2023-06-01,22:14:00
U0372,wishlist_add,P015,984.18,2023-06-01,20:22:00
U0200,search,P015,2174.57,2023-06-06,08:15:00
U0358,checkout,P016,2844.49,2023-06-03,19:48:00
U0111,login,P017,1467.93,2023-06-03,20:57:00
U0014,search,P015,2535.34,2023-06-02,18:01:00
U0282,login,P017,1902.84,2023-06-03,07:34:00
U0132,page_view,P024,103.35,2023-06-04,07:25:00
U0039,wishlist_add,P003,1791.99,2023-06-03,05:34:00
U0277,profile_update,P002,352.21,2023-06-04,21:48:00
U0383,add_to_cart,P011,2181.61,2023-06-06,03:53:00
U0167,page_view,P025,1532.03,2023-06-02,08:08:00
U0087,login,P008,951.32,2023-06-06,14:31:00
U0122,checkout,P030,1162.42,2023-06-04,12:20:00
U0186,page_view,P022,1979.66,2023-06-03,21:53:00
U0114,page_view,P008,2625.13,2023-06-03,10:53:00
U0183,search,P020,294.34,2023-06-03,06:47:00
U0183,page_view,P019,2796.63,2023-06-02,18:17:00
U0158,page_view,P027,487.48,2023-06-03,11:12:00
U0078,add_to_cart,P020,2931.22,2023-06-05,00:23:00
U0282,add_to_cart,P023,2115.55,2023-06-05,14:04:00
U0203,checkout,P027,2031.44,2023-06-06,03:15:00
U0017,page_view,P014,2116.41,2023-06-06,02:46:00
U0236,page_view,P027,2843.25,2023-06-03,16:13:00
U0283,profile_update,P004,2727.75,2023-06-06,07:53:00
U0222,add_to_cart,P008,1614.3,2023-06-05,20:20:00
U0354,page_view,P021,954.68,2023-06-04,19:11:00
U0122,page_view,P005,1808.91,2023-06-04,04:35:00
U0241,wishlist_add,P008,2817.48,2023-06-06,18:15:00
U0010,search,P026,476.46,2023-06-03,11:48:00
U0202,login,P018,402.4,2023-06-05,10:50:00
U0077,checkout,P018,315.52,2023-06-06,01:49:00
U0277,page_view,P003,2504.34,2023-06-02,14:09:00
U0056,logout,P011,1239.26,2023-06-01,17:39:00
U0026,logout,P030,2504.75,2023-06-05,01:16:00
U0247,logout,P010,2170.79,2023-06-04,14:56:00
U0160,login,P026,2595.28,2023-06-03,10:54:00
U0275,login,P009,2427.84,2023-06-02,19:03:00
U0102,wishlist_add,P002,2384.84,2023-06-01,12:21:00
U0392,checkout,P021,531.23,2023-06-05,20:35:00
U0049,logout,P011,2141.08,2023-06-04,08:45:00
U0018,wishlist_add,P011,1921.51,2023-06-04,07:28:00
U0187,checkout,P016,810.87,2023-06-03,03:00:00
U0016,login,P027,906.7,2023-06-03,14:51:00
U0259,profile_update,P024,795.7,2023-06-01,09:02:00
U0239,wishlist_add,P010,743.78,2023-06-02,17:31:00
U0141,page_view,P029,1037.69,2023-06-05,00:46:00
U0165,profile_update,P023,263.81,2023-06-04,02:11:00
U0055,login,P019,699.35,2023-06-05,06:28:00
U0124,checkout,P010,426.66,2023-06-01,19:47:00
U0123,search,P012,2919.7,2023-06-04,02:51:00
U0362,login,P022,2931.91,2023-06-02,13:55:00
U0033,login,P023,642.25,2023-06-02,03:53:00
U0049,checkout,P030,1105.33,2023-06-05,13:40:00
U0241,wishlist_add,P009,425.5,2023-06-06,14:55:00
U0099,profile_update,P024,2334.22,2023-06-02,02:25:00
U0177,add_to_cart,P019,2202.38,2023-06-01,21:14:00
U0037,add_to_cart,P009,783.3,2023-06-04,16:39:00
U0241,search,P022,2356.69,2023-06-05,20:29:00
U0023,profile_update,P020,1403.1,2023-06-01,11:54:00
U0172,login,P029,2153.01,2023-06-06,12:26:00
U0286,login,P023,1672.71,2023-06-06,09:48:00
U0380,checkout,P015,905.4,2023-06-03,07:12:00
U0347,login,P011,2498.53,2023-06-02,13:49:00
U0246,profile_update,P012,673.26,2023-06-04,07:49:00
U0284,profile_update,P005,1920.1,2023-06-03,17:36:00
U0291,wishlist_add,P004,192.68,2023-06-03,19:00:00
U0034,checkout,P025,2387.37,2023-06-04,02:44:00
U0061,wishlist_add,P008,124.93,2023-06-02,02:09:00
U0124,search,P030,2181.45,2023-06-03,05:05:00
U0389,logout,P010,2028.63,2023-06-05,06:07:00
U0154,search,P027,2480.12,2023-06-06,07:03:00
U0203,profile_update,P004,2959.88,2023-06-02,01:29:00
U0162,add_to_cart,P013,267.61,2023-06-03,02:02:00
U0115,add_to_cart,P024,1728.67,2023-06-02,21:50:00
U0331,page_view,P015,1404.59,2023-06-03,05:33:00
U0358,login,P003,883.0,2023-06-04,10:11:00
U0033,checkout,P004,150.67,2023-06-03,02:32:00
U0197,login,P026,2160.94,2023-06-04,13:40:00
U0325,login,P002,1903.59,2023-06-03,07:49:00
U0101,add_to_cart,P016,2965.77,2023-06-03,14:57:00
U0387,logout,P028,827.2,2023-06-04,02:34:00
U0255,checkout,P005,934.18,2023-06-06,12:43:00
U0207,checkout,P024,1329.61,2023-06-01,16:40:00
U0098,add_to_cart,P005,100.19,2023-06-05,05:57:00
U0300,profile_update,P009,2097.23,2023-06-05,20:03:00
U0006,wishlist_add,P020,1155.58,2023-06-06,08:52:00
U0286,profile_update,P024,2235.94,2023-06-06,03:18:00
U0260,profile_update,P009,2763.42,2023-06-05,06:12:00
U0112,logout,P018,1703.63,2023-06-04,13:10:00
U0072,wishlist_add,P004,684.69,2023-06-02,12:58:00
U0343,profile_update,P028,2464.51,2023-06-03,07:03:00
U0309,checkout,P030,2320.72,2023-06-02,16:43:00
U0250,page_view,P020,1277.97,2023-06-03,01:13:00
U0141,page_view,P017,1638.06,2023-06-04,11:26:00
U0089,profile_update,P009,1071.66,2023-06-01,11:54:00
U0031,profile_update,P011,2218.57,2023-06-02,09:02:00
U0400,search,P010,2834.25,2023-06-01,15:07:00
U0156,checkout,P024,1033.82,2023-06-05,15:01:00
U0160,wishlist_add,P001,360.21,2023-06-04,08:33:00
U0371,wishlist_add,P003,1239.45,2023-06-03,09:51:00
U0080,search,P005,957.39,2023-06-05,04:39:00
U0359,add_to_cart,P015,2593.36,2023-06-05,03:18:00
U0336,add_to_cart,P015,1173.76,2023-06-03,15:01:00
U0025,checkout,P029,1891.32,2023-06-03,21:29:00
U0271,checkout,P004,1497.62,2023-06-05,02:29:00
U0210,page_view,P003,2751.5,2023-06-01,22:34:00
U0051,add_to_cart,P027,1243.11,2023-06-03,09:37:00
U0392,page_view,P013,1221.88,2023-06-04,22:44:00
U0182,page_view,P012,2107.12,2023-06-03,14:28:00
U0072,add_to_cart,P005,1004.24,2023-06-04,01:38:00
U0125,search,P004,2685.64,2023-06-02,16:37:00
U0293,search,P015,788.48,2023-06-01,09:42:00
U0302,wishlist_add,P012,1092.55,2023-06-03,11:56:00
U0051,logout,P011,1988.99,2023-06-05,13:41:00
U0096,wishlist_add,P006,2954.48,2023-06-04,03:04:00
U0205,search,P012,939.07,2023-06-03,16:14:00
U0233,page_view,P013,857.83,2023-06-04,21:12:00
U0265,search,P005,1435.66,2023-06-05,12:08:00
U0331,wishlist_add,P004,1497.24,2023-06-02,10:05:00
U0200,logout,P010,153.21,2023-06-01,13:06:00
U0266,logout,P012,1740.46,2023-06-03,06:30:00
U0109,page_view,P005,2996.21,2023-06-01,22:58:00
U0055,profile_update,P017,2181.47,2023-06-04,15:15:00
U0354,wishlist_add,P020,2872.66,2023-06-03,22:15:00
U0319,profile_update,P004,1814.3,2023-06-02,15:40:00
U0302,page_view,P011,1486.78,2023-06-05,19:43:00
U0080,logout,P008,345.91,2023-06-06,15:11:00
U0220,search,P030,432.42,2023-06-05,08:29:00
U0302,logout,P026,1163.57,2023-06-05,21:33:00
U0324,wishlist_add,P017,2504.13,2023-06-04,06:55:00
U0282,wishlist_add,P015,2850.98,2023-06-01,08:02:00
U0322,wishlist_add,P020,823.64,2023-06-03,16:38:00
U0053,add_to_cart,P027,1826.71,2023-06-02,23:44:00
U0204,checkout,P030,2361.96,2023-06-03,16:29:00
U0190,page_view,P013,2711.43,2023-06-05,00:47:00
U0151,add_to_cart,P029,2143.31,2023-06-04,08:25:00
U0353,checkout,P016,987.46,2023-06-03,04:57:00
U0252,login,P019,1960.38,2023-06-06,12:57:00
U0098,wishlist_add,P027,329.59,2023-06-04,21:09:00
U0014,checkout,P010,2775.84,2023-06-03,11:49:00
U0177,page_view,P009,2647.63,2023-06-04,21:32:00
U0007,profile_update,P001,2132.21,2023-06-01,22:41:00
U0032,page_view,P025,668.94,2023-06-06,05:05:00
U0222,profile_update,P025,2949.17,2023-06-03,19:39:00
U0224,login,P024,1457.54,2023-06-04,05:25:00
U0123,login,P013,1118.91,2023-06-01,19:15:00
U0185,search,P004,1770.94,2023-06-02,18:55:00
U0299,profile_update,P008,1855.06,2023-06-06,04:43:00
U0240,checkout,P018,1214.68,2023-06-02,06:34:00
U0335,profile_update,P017,1863.87,2023-06-03,13:11:00
U0126,search,P021,128.28,2023-06-04,13:44:00
U0202,add_to_cart,P015,581.28,2023-06-01,18:43:00
U0384,login,P017,1311.35,2023-06-02,21:14:00
U0350,wishlist_add,P014,1284.93,2023-06-03,14:48:00
U0026,add_to_cart,P022,2757.26,2023-06-05,10:12:00
U0347,page_view,P010,1805.2,2023-06-06,17:10:00
U0014,logout,P013,148.55,2023-06-04,12:02:00
U0340,profile_update,P023,1578.64,2023-06-01,14:39:00
U0089,profile_update,P020,1787.22,2023-06-05,02:38:00
U0092,add_to_cart,P011,675.81,2023-06-06,08:43:00
U0390,search,P020,1830.17,2023-06-02,19:18:00
U0044,logout,P003,2436.53,2023-06-01,08:22:00
U0293,profile_update,P008,2833.35,2023-06-04,01:45:00
U0365,login,P027,2954.55,2023-06-06,18:37:00
U0050,login,P018,2686.94,2023-06-05,08:18:00
U0084,login,P027,142.36,2023-06-02,02:03:00
U0136,add_to_cart,P027,1111.3,2023-06-05,17:57:00
U0250,wishlist_add,P020,663.1,2023-06-05,06:50:00
U0309,logout,P012,2755.97,2023-06-03,22:52:00
U0280,login,P025,1119.56,2023-06-04,12:35:00
U0323,page_view,P016,1429.37,2023-06-03,15:20:00
U0097,logout,P020,577.91,2023-06-05,11:43:00
U0279,login,P021,1358.86,2023-06-06,06:10:00
U0101,add_to_cart,P010,1581.19,2023-06-03,20:43:00
U0375,login,P022,1960.18,2023-06-02,11:10:00
U0122,login,P003,421.58,2023-06-05,17:41:00
U0111,login,P017,998.96,2023-06-05,18:58:00
U0009,login,P009,2148.32,2023-06-01,22:51:00
U0266,page_view,P021,2339.74,2023-06-02,07:27:00
U0182,search,P020,2592.52,2023-06-04,02:38:00
U0069,logout,P025,858.42,2023-06-01,11:46:00
U0007,login,P002,711.38,2023-06-01,15:44:00
U0353,login,P027,2693.1,2023-06-03,19:26:00
U0253,add_to_cart,P017,2959.58,2023-06-04,10:00:00
U0262,logout,P025,713.64,2023-06-03,23:46:00
U0154,logout,P024,1534.3,2023-06-03,21:47:00
U0132,checkout,P021,338.4,2023-06-05,11:41:00
U0353,login,P005,1970.54,2023-06-04,02:02:00
U0111,logout,P029,1611.91,2023-06-04,00:32:00
U0185,page_view,P015,1870.58,2023-06-05,12:49:00
U0138,page_view,P014,495.83,2023-06-03,10:36:00
U0152,checkout,P025,2718.3,2023-06-05,06:36:00
U0321,logout,P029,1316.03,2023-06-01,10:53:00
U0132,wishlist_add,P025,1829.58,2023-06-03,13:17:00
U0236,wishlist_add,P024,2608.05,2023-06-04,11:11:00
U0107,wishlist_add,P020,1513.26,2023-06-01,12:15:00
U0200,search,P006,324.59,2023-06-02,04:11:00
U0226,profile_update,P020,710.34,2023-06-04,20:09:00
U0311,page_view,P014,2573.16,2023-06-04,01:31:00
U0279,wishlist_add,P012,2859.15,2023-06-06,11:00:00
U0182,login,P007,1473.12,2023-06-04,02:48:00
U0197,logout,P006,290.38,2023-06-05,18:19:00
U0031,wishlist_add,P009,332.54,2023-06-04,20:41:00
U0046,search,P013,1816.67,2023-06-04,16:43:00
U0020,wishlist_add,P018,1179.94,2023-06-06,13:24:00
U0067,wishlist_add,P019,1929.77,2023-06-05,12:38:00
U0184,add_to_cart,P008,2978.52,2023-06-03,15:17:00
U0293,profile_update,P028,2973.88,2023-06-01,08:06:00
U0327,checkout,P009,2952.07,2023-06-05,21:44:00
U0326,login,P021,1435.73,2023-06-05,20:50:00
U0174,search,P009,576.21,2023-06-03,09:26:00
U0125,logout,P025,649.87,2023-06-03,08:58:00
U0393,profile_update,P018,1878.61,2023-06-04,07:46:00
U0212,wishlist_add,P011,2787.43,2023-06-03,21:57:00
U0058,logout,P024,2633.13,2023-06-01,21:37:00
U0295,logout,P030,895.01,2023-06-02,22:49:00
U0068,wishlist_add,P012,536.92,2023-06-05,03:41:00
U0288,wishlist_add,P026,1241.08,2023-06-04,06:23:00
U0195,checkout,P003,2683.28,2023-06-05,03:25:00
U0169,wishlist_add,P012,2726.98,2023-06-05,00:47:00
U0312,login,P022,1962.27,2023-06-02,19:30:00
U0106,logout,P028,2503.33,2023-06-05,05:22:00
U0004,add_to_cart,P013,1945.57,2023-06-03,11:36:00
U0188,search,P018,2335.66,2023-06-02,11:09:00
U0266,page_view,P005,2845.95,2023-06-05,22:06:00
U0350,search,P007,862.11,2023-06-02,22:21:00
U0396,search,P021,2245.7,2023-06-06,17:18:00
U0174,page_view,P027,1858.75,2023-06-03,00:04:00
U0310,checkout,P028,1472.06,2023-06-03,10:21:00
U0126,search,P018,1131.53,2023-06-02,14:48:00
U0041,add_to_cart,P019,1062.97,2023-06-04,04:09:00
U0361,profile_update,P018,946.23,2023-06-03,18:41:00
U0043,wishlist_add,P030,611.57,2023-06-02,14:01:00
U0323,search,P016,533.77,2023-06-03,11:58:00
U0265,checkout,P025,354.47,2023-06-06,16:22:00
U0318,login,P012,2452.52,2023-06-04,22:59:00
U0400,logout,P004,1261.64,2023-06-01,23:11:00
U0198,checkout,P010,229.86,2023-06-02,06:06:00
U0316,logout,P011,1323.05,2023-06-01,16:59:00
U0328,profile_update,P030,2528.27,2023-06-04,06:55:00
U0003,checkout,P006,2371.12,2023-06-01,18:49:00
U0102,add_to_cart,P004,2762.11,2023-06-02,15:23:00
U0172,search,P004,581.27,2023-06-04,03:02:00
U0024,search,P028,242.9,2023-06-05,03:16:00
U0258,checkout,P006,1163.84,2023-06-06,19:30:00
U0005,logout,P006,2436.31,2023-06-03,09:35:00
U0338,search,P004,2592.15,2023-06-05,07:08:00
U0029,logout,P003,978.09,2023-06-05,18:13:00
U0391,page_view,P024,1768.77,2023-06-03,19:54:00
U0047,profile_update,P020,1516.87,2023-06-03,06:57:00
U0042,login,P017,2518.82,2023-06-04,20:10:00
U0363,wishlist_add,P026,1455.21,2023-06-02,23:47:00
U0062,login,P015,251.52,2023-06-03,15:47:00
U0328,login,P018,1381.65,2023-06-06,11:06:00
U0289,checkout,P016,2931.22,2023-06-06,08:12:00
U0218,add_to_cart,P014,1928.19,2023-06-02,19:03:00
U0254,wishlist_add,P004,2155.67,2023-06-06,04:37:00
U0177,page_view,P021,1972.53,2023-06-01,23:58:00
U0396,add_to_cart,P013,716.61,2023-06-05,21:14:00
U0108,profile_update,P019,2508.07,2023-06-05,12:19:00
U0033,profile_update,P029,1796.2,2023-06-03,14:04:00
U0240,profile_update,P023,925.81,2023-06-04,01:59:00
U0221,checkout,P027,1223.77,2023-06-06,09:33:00
U0249,search,P006,2809.9,2023-06-04,22:27:00
U0264,add_to_cart,P030,1256.37,2023-06-02,03:50:00
U0171,search,P024,1113.29,2023-06-04,04:36:00
U0244,page_view,P006,2076.13,2023-06-06,18:35:00
U0314,login,P009,2030.35,2023-06-02,08:25:00
U0021,add_to_cart,P011,2597.9,2023-06-03,18:16:00
U0031,login,P015,1022.92,2023-06-03,08:23:00
U0334,logout,P008,550.55,2023-06-03,18:45:00
U0057,login,P028,2258.88,2023-06-01,20:53:00
U0269,add_to_cart,P030,970.64,2023-06-04,09:07:00
U0010,profile_update,P008,1592.02,2023-06-06,13:25:00
U0234,wishlist_add,P026,947.3,2023-06-01,21:17:00
U0153,page_view,P005,868.8,2023-06-04,16:48:00
U0064,checkout,P021,200.64,2023-06-03,05:35:00
U0363,add_to_cart,P029,1935.07,2023-06-02,12:35:00
U0092,search,P012,1410.02,2023-06-04,07:53:00
U0020,wishlist_add,P013,2702.66,2023-06-03,21:28:00
U0387,add_to_cart,P016,2891.19,2023-06-06,19:38:00
U0326,add_to_cart,P008,1639.71,2023-06-06,17:08:00
U0274,login,P007,1203.88,2023-06-03,20:43:00
U0192,logout,P021,2706.11,2023-06-05,06:13:00
U0225,logout,P021,2084.73,2023-06-03,07:27:00
U0025,search,P024,1693.49,2023-06-01,11:47:00
U0385,profile_update,P009,2856.32,2023-06-05,19:19:00
U0214,checkout,P013,715.52,2023-06-02,12:34:00
U0049,search,P021,2538.58,2023-06-04,17:59:00
U0308,search,P005,221.26,2023-06-01,18:23:00
U0016,wishlist_add,P011,696.44,2023-06-01,11:35:00
U0281,wishlist_add,P001,606.69,2023-06-05,06:20:00
U0087,login,P001,1377.8,2023-06-04,02:35:00
U0148,add_to_cart,P011,1953.64,2023-06-02,18:17:00
U0326,add_to_cart,P010,620.48,2023-06-02,06:50:00
U0392,wishlist_add,P023,1577.26,2023-06-02,18:51:00
U0095,login,P019,284.82,2023-06-02,20:56:00
U0236,login,P001,1683.35,2023-06-06,02:11:00
U0300,wishlist_add,P015,2724.6,2023-06-01,12:19:00
U0274,login,P018,1323.72,2023-06-02,18:25:00
U0396,profile_update,P027,1801.37,2023-06-01,12:33:00
U0199,page_view,P026,2822.06,2023-06-04,16:19:00
U0069,login,P013,969.95,2023-06-06,14:22:00
U0168,checkout,P023,2266.0,2023-06-02,06:12:00
U0385,page_view,P001,385.12,2023-06-04,10:26:00
U0159,logout,P007,2783.7,2023-06-05,02:00:00
U0221,page_view,P018,949.57,2023-06-02,06:09:00
U0034,logout,P020,2419.18,2023-06-01,16:33:00
U0078,checkout,P027,2394.98,2023-06-03,05:34:00
U0153,add_to_cart,P029,1088.64,2023-06-06,05:39:00
U0122,checkout,P007,2749.51,2023-06-04,17:10:00
U0117,checkout,P011,370.37,2023-06-01,13:46:00
U0337,logout,P002,833.02,2023-06-01,13:28:00
U0108,checkout,P006,2876.98,2023-06-04,03:16:00
U0106,search,P003,545.85,2023-06-02,08:46:00
U0166,add_to_cart,P017,2986.18,2023-06-06,01:04:00
U0173,profile_update,P029,1880.75,2023-06-04,07:02:00
U0271,login,P003,397.23,2023-06-01,15:38:00
U0066,profile_update,P004,1742.9,2023-06-04,20:59:00
U0353,checkout,P012,326.69,2023-06-03,04:20:00
U0385,logout,P012,985.98,2023-06-03,15:07:00
U0291,wishlist_add,P008,2903.22,2023-06-02,18:43:00
U0094,profile_update,P022,1202.38,2023-06-05,04:46:00
U0391,page_view,P026,2884.82,2023-06-03,04:00:00
U0254,checkout,P011,2356.84,2023-06-06,03:51:00
U0326,checkout,P027,2924.43,2023-06-01,12:14:00
U0097,checkout,P005,2035.15,2023-06-05,15:57:00
U0084,page_view,P026,1328.55,2023-06-01,22:53:00
U0182,login,P019,1285.57,2023-06-06,14:29:00
U0294,search,P025,2045.87,2023-06-02,18:34:00
U0361,logout,P030,2123.55,2023-06-05,09:53:00
U0288,login,P015,1826.97,2023-06-04,11:31:00
U0024,wishlist_add,P013,1574.13,2023-06-05,03:15:00
U0133,wishlist_add,P004,2444.1,2023-06-03,23:25:00
U0317,wishlist_add,P012,2448.46,2023-06-01,16:50:00
U0192,logout,P030,1177.03,2023-06-02,18:00:00
U0343,checkout,P008,1312.67,2023-06-02,22:53:00
U0242,checkout,P001,345.62,2023-06-05,20:47:00
U0309,wishlist_add,P024,1164.96,2023-06-01,08:21:00
U0293,search,P002,1338.2,2023-06-05,22:48:00
U0127,wishlist_add,P015,1105.18,2023-06-05,02:25:00
U0304,checkout,P026,2278.08,2023-06-05,08:10:00
U0003,wishlist_add,P017,604.81,2023-06-05,19:31:00
U0003,wishlist_add,P020,723.44,2023-06-06,12:48:00
U0175,logout,P022,2290.87,2023-06-04,10:28:00
U0017,page_view,P006,520.41,2023-06-06,13:39:00
U0336,wishlist_add,P004,1135.28,2023-06-05,22:19:00
U0083,search,P027,295.11,2023-06-04,16:59:00
U0387,search,P015,358.89,2023-06-06,00:19:00
U0312,page_view,P008,630.74,2023-06-02,03:47:00
U0274,wishlist_add,P009,1141.76,2023-06-03,20:13:00
U0230,profile_update,P004,2377.22,2023-06-02,08:19:00
U0078,page_view,P024,2270.34,2023-06-03,08:48:00
U0036,search,P007,511.72,2023-06-04,08:35:00
U0187,add_to_cart,P020,1248.97,2023-06-03,18:14:00
U0140,search,P026,2210.12,2023-06-06,18:35:00
U0071,add_to_cart,P027,2470.15,2023-06-06,16:12:00
U0024,wishlist_add,P016,2528.57,2023-06-01,08:32:00
U0022,login,P016,2997.38,2023-06-06,00:51:00
U0152,login,P001,940.4,2023-06-02,22:47:00
U0154,add_to_cart,P004,2314.23,2023-06-03,13:35:00
U0093,checkout,P019,2611.08,2023-06-02,05:22:00
U0347,search,P008,1428.02,2023-06-02,05:41:00
U0387,profile_update,P005,206.14,2023-06-05,02:09:00
U0014,search,P021,974.24,2023-06-05,07:54:00
U0313,page_view,P001,929.3,2023-06-04,05:57:00
U0020,profile_update,P007,1610.78,2023-06-05,08:01:00
U0236,logout,P006,606.14,2023-06-02,03:03:00
U0339,add_to_cart,P021,2369.21,2023-06-01,20:03:00
U0299,add_to_cart,P013,1207.09,2023-06-05,09:48:00
U0010,search,P020,2751.06,2023-06-03,03:23:00
U0148,page_view,P009,1588.91,2023-06-04,03:28:00
U0075,page_view,P005,2418.76,2023-06-03,12:38:00
U0260,add_to_cart,P007,811.63,2023-06-02,17:37:00
U0305,wishlist_add,P008,830.57,2023-06-04,03:04:00
U0332,login,P003,925.7,2023-06-02,02:08:00
U0385,page_view,P002,1186.19,2023-06-04,09:57:00
U0183,wishlist_add,P006,2093.4,2023-06-04,18:26:00
U0261,login,P023,989.25,2023-06-03,07:58:00
U0359,logout,P016,1426.39,2023-06-02,06:16:00
U0206,profile_update,P009,1759.62,2023-06-01,15:41:00
U0210,profile_update,P007,2905.83,2023-06-03,17:25:00
U0031,login,P001,1534.47,2023-06-03,05:44:00
U0236,page_view,P005,1621.69,2023-06-05,06:33:00
U0113,profile_update,P015,717.14,2023-06-03,09:08:00
U0261,wishlist_add,P021,2272.97,2023-06-01,18:28:00
U0309,checkout,P013,2614.28,2023-06-01,19:15:00
U0260,profile_update,P026,307.93,2023-06-02,17:14:00
U0119,search,P025,2305.5,2023-06-02,16:50:00
U0009,search,P020,640.59,2023-06-06,12:01:00
U0051,profile_update,P023,1133.27,2023-06-03,22:54:00
U0048,logout,P016,2332.96,2023-06-02,13:23:00
U0276,add_to_cart,P026,399.21,2023-06-03,18:37:00
U0048,logout,P018,102.23,2023-06-02,17:49:00
U0377,checkout,P025,2821.12,2023-06-03,07:57:00
U0292,search,P019,1560.85,2023-06-01,23:13:00
U0212,search,P008,477.67,2023-06-06,13:54:00
U0289,search,P017,1979.27,2023-06-04,19:13:00
U0144,profile_update,P021,2874.62,2023-06-03,22:28:00
U0348,page_view,P001,2156.83,2023-06-04,05:37:00
U0181,profile_update,P023,860.8,2023-06-05,21:44:00
U0242,logout,P017,2923.68,2023-06-04,17:15:00
U0318,wishlist_add,P011,787.61,2023-06-03,16:06:00
U0223,checkout,P015,1759.74,2023-06-01,14:31:00
U0323,logout,P013,944.67,2023-06-06,11:35:00
U0329,logout,P002,720.37,2023-06-04,08:08:00
U0179,search,P030,309.46,2023-06-05,17:56:00
U0376,login,P009,2762.25,2023-06-06,09:30:00
U0391,checkout,P015,1687.7,2023-06-04,14:50:00
U0272,add_to_cart,P002,728.84,2023-06-05,03:11:00
U0257,login,P009,1729.26,2023-06-05,17:07:00
U0253,logout,P007,1637.07,2023-06-02,22:00:00
U0222,page_view,P030,2854.36,2023-06-04,21:15:00
U0116,checkout,P004,2395.71,2023-06-06,09:39:00
U0361,add_to_cart,P015,2389.34,2023-06-04,18:07:00
U0304,add_to_cart,P009,103.77,2023-06-06,01:14:00
U0027,search,P008,729.04,2023-06-04,13:53:00
